GPU ID,Avg Power (W),Avg GPU Temp (°C),Avg GPU Util (%),Avg Mem Used (MiB),Avg Mem Total (MiB),CPU Util (%),CPU Temp (°C),RAM Used (MiB),RAM Total (MiB),Disk Read (MB/s),Disk Write (MB/s),Net Upload (Mbps),Net Download (Mbps)
0,55.454833333333355,34.55,10.525,3277.0,16376.0,3.272499999999997,128652261.6,131897404.0,6237.0,4.0,0.0,0.0
1,62.09449999999999,32.53333333333333,14.083333333333334,4308.0,16376.0,3.272499999999997,128652261.6,131897404.0,6237.0,4.0,0.0,0.0
2,59.467583333333344,33.25,13.925,4307.0,16376.0,3.272499999999997,128652261.6,131897404.0,6237.0,4.0,0.0,0.0
3,62.77483333333331,33.13333333333333,13.441666666666666,4308.0,16376.0,3.272499999999997,128652261.6,131897404.0,6237.0,4.0,0.0,0.0
4,58.95483333333335,31.516666666666666,13.641666666666667,4308.0,16376.0,3.272499999999997,128652261.6,131897404.0,6237.0,4.0,0.0,0.0
5,58.213916666666655,31.541666666666668,13.475,4308.0,16376.0,3.272499999999997,128652261.6,131897404.0,6237.0,4.0,0.0,0.0
6,59.52991666666666,31.483333333333334,13.916666666666666,4308.0,16376.0,3.272499999999997,128652261.6,131897404.0,6237.0,4.0,0.0,0.0
7,46.28083333333334,30.0,1.9,728.0,16376.0,3.272499999999997,128652261.6,131897404.0,6237.0,4.0,0.0,0.0
