GPU ID,Avg Power (W),Avg GPU Temp (°C),Avg GPU Util (%),Avg Mem Used (MiB),Avg Mem Total (MiB),CPU Util (%),CPU Temp (°C),RAM Used (MiB),RAM Total (MiB),Disk Read (MB/s),Disk Write (MB/s),Net Upload (Mbps),Net Download (Mbps)
0,57.51841666666666,35.2,6.516666666666667,8646.0,16376.0,3.301999999999998,130266455.86666666,131897404.0,6237.0,4.0,0.0,0.0
1,61.3085,32.333333333333336,7.05,9731.766666666666,16376.0,3.301999999999998,130266455.86666666,131897404.0,6237.0,4.0,0.0,0.0
2,60.59791666666668,33.13333333333333,9.516666666666667,9733.966666666667,16376.0,3.301999999999998,130266455.86666666,131897404.0,6237.0,4.0,0.0,0.0
3,63.28016666666667,33.05833333333333,12.608333333333333,9733.983333333334,16376.0,3.301999999999998,130266455.86666666,131897404.0,6237.0,4.0,0.0,0.0
4,62.325916666666636,31.841666666666665,14.658333333333333,9737.716666666667,16376.0,3.301999999999998,130266455.86666666,131897404.0,6237.0,4.0,0.0,0.0
5,63.46399999999997,31.841666666666665,13.5,9732.883333333333,16376.0,3.301999999999998,130266455.86666666,131897404.0,6237.0,4.0,0.0,0.0
6,65.0038333333333,31.725,12.525,9734.0,16376.0,3.301999999999998,130266455.86666666,131897404.0,6237.0,4.0,0.0,0.0
7,68.88383333333331,32.25833333333333,14.058333333333334,12277.25,16376.0,3.301999999999998,130266455.86666666,131897404.0,6237.0,4.0,0.0,0.0
